Names,Scores
Olivia,77
Liam,64
Emma,79
Noah,81
Ava,67
Oliver,61
Sophia,89
Elijah,61
Isabella,71
James,74
Mia,100
William,77
Charlotte,62
Benjamin,68
Amelia,72
Lucas,73
Harper,77
Henry,52
Evelyn,80
Alexander,63
Abigail,54
Michael,88
Emily,78
Daniel,70
Elizabeth,78
Matthew,98
Mila,68
Jackson,77
Ella,59
Sebastian,85
Avery,85
Jack,65
Sofia,66
Owen,62
Camila,76
Theodore,40
Aria,77
Aiden,72
Scarlett,80
Samuel,56
Victoria,73
Joseph,86
Madison,82
John,66
Luna,57
David,57
Grace,88
Wyatt,67
Chloe,76
Leo,65
Penelope,92
Julian,68
Layla,59
Isaac,89
Riley,69
Luke,66
Zoey,61
Anthony,71
Nora,62
Gabriel,74
Lily,62
Grayson,97
Eleanor,72
Lincoln,47
Hannah,66
Christopher,73
Lillian,69
Jayden,55
Addison,74
Andrew,81
Aubrey,57
Thomas,65
Ellie,68
Joshua,57
Stella,64
Ezra,71
Natalie,55
Hudson,63
Zoe,79
Charles,88
Leah,62
Caleb,63
Hazel,61
Isaiah,64
Violet,53
Ryan,74
Aurora,68
Nathan,55
Savannah,71
Adrian,79
Audrey,85
Christian,16
Brooklyn,53
Maverick,69
Bella,66
Colton,83
Claire,77
Eli,78
Skylar,73
Aaron,62